year,team,conference,rating,ranking,secondOrderWins,sos,offense,defense,specialTeams
2019,Ohio State,Big Ten,35.4,1.0,,,"{'ranking': 4, 'rating': 44.4, 'success': None, 'explosiveness': None, 'rushing': None, 'passing': None, 'standardDowns': None, 'passingDowns': None, 'runRate': None, 'pace': None}","{'ranking': 2, 'rating': 10.6, 'success': None, 'explosiveness': None, 'rushing': None, 'passing': None, 'standardDowns': None, 'passingDowns': None, 'havoc': {'total': None, 'frontSeven': None, 'db': None}}",{'rating': 1.6}
2019,LSU,SEC,33.1,2.0,,,"{'ranking': 1, 'rating': 48.9, 'success': None, 'explosiveness': None, 'rushing': None, 'passing': None, 'standardDowns': None, 'passingDowns': None, 'runRate': None, 'pace': None}","{'ranking': 20, 'rating': 17.7, 'success': None, 'explosiveness': None, 'rushing': None, 'passing': None, 'standardDowns': None, 'passingDowns': None, 'havoc': {'total': None, 'frontSeven': None, 'db': None}}",{'rating': 1.9}
2019,Alabama,SEC,32.4,3.0,,,"{'ranking': 2, 'rating': 47.7, 'success': None, 'explosiveness': None, 'rushing': None, 'passing': None, 'standardDowns': None, 'passingDowns': None, 'runRate': None, 'pace': None}","{'ranking': 3, 'rating': 14.6, 'success': None, 'explosiveness': None, 'rushing': None, 'passing': None, 'standardDowns': None, 'passingDowns': None, 'havoc': {'total': None, 'frontSeven': None, 'db': None}}",{'rating': -0.7}
2019,Clemson,ACC,28.1,4.0,,,"{'ranking': 5, 'rating': 43.5, 'success': None, 'explosiveness': None, 'rushing': None, 'passing': None, 'standardDowns': None, 'passingDowns': None, 'runRate': None, 'pace': None}","{'ranking': 3, 'rating': 14.6, 'success': None, 'explosiveness': None, 'rushing': None, 'passing': None, 'standardDowns': None, 'passingDowns': None, 'havoc': {'total': None, 'frontSeven': None, 'db': None}}",{'rating': -0.7}
2019,Georgia,SEC,26.8,5.0,,,"{'ranking': 32, 'rating': 34.2, 'success': None, 'explosiveness': None, 'rushing': None, 'passing': None, 'standardDowns': None, 'passingDowns': None, 'runRate': None, 'pace': None}","{'ranking': 1, 'rating': 10, 'success': None, 'explosiveness': None, 'rushing': None, 'passing': None, 'standardDowns': None, 'passingDowns': None, 'havoc': {'total': None, 'frontSeven': None, 'db': None}}",{'rating': 2.6}
2019,Penn State,Big Ten,24.3,6.0,,,"{'ranking': 13, 'rating': 37.5, 'success': None, 'explosiveness': None, 'rushing': None, 'passing': None, 'standardDowns': None, 'passingDowns': None, 'runRate': None, 'pace': None}","{'ranking': 10, 'rating': 15.7, 'success': None, 'explosiveness': None, 'rushing': None, 'passing': None, 'standardDowns': None, 'passingDowns': None, 'havoc': {'total': None, 'frontSeven': None, 'db': None}}",{'rating': 2.5}
2019,Florida,SEC,24.0,7.0,,,"{'ranking': 11, 'rating': 37.8, 'success': None, 'explosiveness': None, 'rushing': None, 'passing': None, 'standardDowns': None, 'passingDowns': None, 'runRate': None, 'pace': None}","{'ranking': 7, 'rating': 15.5, 'success': None, 'explosiveness': None, 'rushing': None, 'passing': None, 'standardDowns': None, 'passingDowns': None, 'havoc': {'total': None, 'frontSeven': None, 'db': None}}",{'rating': 1.7}
2019,Oklahoma,SEC,22.9,8.0,,,"{'ranking': 3, 'rating': 46.1, 'success': None, 'explosiveness': None, 'rushing': None, 'passing': None, 'standardDowns': None, 'passingDowns': None, 'runRate': None, 'pace': None}","{'ranking': 47, 'rating': 24.9, 'success': None, 'explosiveness': None, 'rushing': None, 'passing': None, 'standardDowns': None, 'passingDowns': None, 'havoc': {'total': None, 'frontSeven': None, 'db': None}}",{'rating': 1.7}
2019,Auburn,SEC,21.0,9.0,,,"{'ranking': 34, 'rating': 33.9, 'success': None, 'explosiveness': None, 'rushing': None, 'passing': None, 'standardDowns': None, 'passingDowns': None, 'runRate': None, 'pace': None}","{'ranking': 5, 'rating': 14.9, 'success': None, 'explosiveness': None, 'rushing': None, 'passing': None, 'standardDowns': None, 'passingDowns': None, 'havoc': {'total': None, 'frontSeven': None, 'db': None}}",{'rating': 2}
2019,Michigan,Big Ten,20.7,10.0,,,"{'ranking': 21, 'rating': 35.7, 'success': None, 'explosiveness': None, 'rushing': None, 'passing': None, 'standardDowns': None, 'passingDowns': None, 'runRate': None, 'pace': None}","{'ranking': 11, 'rating': 16, 'success': None, 'explosiveness': None, 'rushing': None, 'passing': None, 'standardDowns': None, 'passingDowns': None, 'havoc': {'total': None, 'frontSeven': None, 'db': None}}",{'rating': 1}
2019,Wisconsin,Big Ten,20.3,11.0,,,"{'ranking': 12, 'rating': 37.7, 'success': None, 'explosiveness': None, 'rushing': None, 'passing': None, 'standardDowns': None, 'passingDowns': None, 'runRate': None, 'pace': None}","{'ranking': 14, 'rating': 16.4, 'success': None, 'explosiveness': None, 'rushing': None, 'passing': None, 'standardDowns': None, 'passingDowns': None, 'havoc': {'total': None, 'frontSeven': None, 'db': None}}",{'rating': -0.9}
2019,Utah,Big 12,19.5,12.0,,,"{'ranking': 16, 'rating': 36.5, 'success': None, 'explosiveness': None, 'rushing': None, 'passing': None, 'standardDowns': None, 'passingDowns': None, 'runRate': None, 'pace': None}","{'ranking': 16, 'rating': 17, 'success': None, 'explosiveness': None, 'rushing': None, 'passing': None, 'standardDowns': None, 'passingDowns': None, 'havoc': {'total': None, 'frontSeven': None, 'db': None}}",{'rating': -0.1}
2019,Minnesota,Big Ten,19.4,13.0,,,"{'ranking': 7, 'rating': 39.8, 'success': None, 'explosiveness': None, 'rushing': None, 'passing': None, 'standardDowns': None, 'passingDowns': None, 'runRate': None, 'pace': None}","{'ranking': 26, 'rating': 19.6, 'success': None, 'explosiveness': None, 'rushing': None, 'passing': None, 'standardDowns': None, 'passingDowns': None, 'havoc': {'total': None, 'frontSeven': None, 'db': None}}",{'rating': -0.7}
2019,UCF,Big 12,19.1,14.0,,,"{'ranking': 14, 'rating': 37.3, 'success': None, 'explosiveness': None, 'rushing': None, 'passing': None, 'standardDowns': None, 'passingDowns': None, 'runRate': None, 'pace': None}","{'ranking': 21, 'rating': 18.1, 'success': None, 'explosiveness': None, 'rushing': None, 'passing': None, 'standardDowns': None, 'passingDowns': None, 'havoc': {'total': None, 'frontSeven': None, 'db': None}}",{'rating': -0.1}
2019,Oregon,Big Ten,19.0,15.0,,,"{'ranking': 22, 'rating': 35.6, 'success': None, 'explosiveness': None, 'rushing': None, 'passing': None, 'standardDowns': None, 'passingDowns': None, 'runRate': None, 'pace': None}","{'ranking': 7, 'rating': 15.5, 'success': None, 'explosiveness': None, 'rushing': None, 'passing': None, 'standardDowns': None, 'passingDowns': None, 'havoc': {'total': None, 'frontSeven': None, 'db': None}}",{'rating': -1.1}
2019,Washington,Big Ten,18.3,16.0,,,"{'ranking': 24, 'rating': 35.3, 'success': None, 'explosiveness': None, 'rushing': None, 'passing': None, 'standardDowns': None, 'passingDowns': None, 'runRate': None, 'pace': None}","{'ranking': 24, 'rating': 19.5, 'success': None, 'explosiveness': None, 'rushing': None, 'passing': None, 'standardDowns': None, 'passingDowns': None, 'havoc': {'total': None, 'frontSeven': None, 'db': None}}",{'rating': 2.5}
2019,Memphis,American Athletic,18.0,17.0,,,"{'ranking': 8, 'rating': 39.5, 'success': None, 'explosiveness': None, 'rushing': None, 'passing': None, 'standardDowns': None, 'passingDowns': None, 'runRate': None, 'pace': None}","{'ranking': 39, 'rating': 23.4, 'success': None, 'explosiveness': None, 'rushing': None, 'passing': None, 'standardDowns': None, 'passingDowns': None, 'havoc': {'total': None, 'frontSeven': None, 'db': None}}",{'rating': 1.9}
2019,Baylor,Big 12,17.8,18.0,,,"{'ranking': 27, 'rating': 34.7, 'success': None, 'explosiveness': None, 'rushing': None, 'passing': None, 'standardDowns': None, 'passingDowns': None, 'runRate': None, 'pace': None}","{'ranking': 18, 'rating': 17.3, 'success': None, 'explosiveness': None, 'rushing': None, 'passing': None, 'standardDowns': None, 'passingDowns': None, 'havoc': {'total': None, 'frontSeven': None, 'db': None}}",{'rating': 0.5}
2019,Notre Dame,FBS Independents,17.7,19.0,,,"{'ranking': 20, 'rating': 35.8, 'success': None, 'explosiveness': None, 'rushing': None, 'passing': None, 'standardDowns': None, 'passingDowns': None, 'runRate': None, 'pace': None}","{'ranking': 22, 'rating': 18.5, 'success': None, 'explosiveness': None, 'rushing': None, 'passing': None, 'standardDowns': None, 'passingDowns': None, 'havoc': {'total': None, 'frontSeven': None, 'db': None}}",{'rating': 0.4}
2019,Iowa,Big Ten,16.7,20.0,,,"{'ranking': 53, 'rating': 30, 'success': None, 'explosiveness': None, 'rushing': None, 'passing': None, 'standardDowns': None, 'passingDowns': None, 'runRate': None, 'pace': None}","{'ranking': 6, 'rating': 15.2, 'success': None, 'explosiveness': None, 'rushing': None, 'passing': None, 'standardDowns': None, 'passingDowns': None, 'havoc': {'total': None, 'frontSeven': None, 'db': None}}",{'rating': 1.8}
2019,Texas A&M,SEC,15.0,21.0,,,"{'ranking': 33, 'rating': 34, 'success': None, 'explosiveness': None, 'rushing': None, 'passing': None, 'standardDowns': None, 'passingDowns': None, 'runRate': None, 'pace': None}","{'ranking': 23, 'rating': 19.4, 'success': None, 'explosiveness': None, 'rushing': None, 'passing': None, 'standardDowns': None, 'passingDowns': None, 'havoc': {'total': None, 'frontSeven': None, 'db': None}}",{'rating': 0.5}
2019,USC,Big Ten,13.1,22.0,,,"{'ranking': 9, 'rating': 39, 'success': None, 'explosiveness': None, 'rushing': None, 'passing': None, 'standardDowns': None, 'passingDowns': None, 'runRate': None, 'pace': None}","{'ranking': 59, 'rating': 26.7, 'success': None, 'explosiveness': None, 'rushing': None, 'passing': None, 'standardDowns': None, 'passingDowns': None, 'havoc': {'total': None, 'frontSeven': None, 'db': None}}",{'rating': 0.8}
2019,Indiana,Big Ten,12.8,23.0,,,"{'ranking': 22, 'rating': 35.6, 'success': None, 'explosiveness': None, 'rushing': None, 'passing': None, 'standardDowns': None, 'passingDowns': None, 'runRate': None, 'pace': None}","{'ranking': 41, 'rating': 23.8, 'success': None, 'explosiveness': None, 'rushing': None, 'passing': None, 'standardDowns': None, 'passingDowns': None, 'havoc': {'total': None, 'frontSeven': None, 'db': None}}",{'rating': 1}
2019,Iowa State,Big 12,12.6,24.0,,,"{'ranking': 42, 'rating': 31.8, 'success': None, 'explosiveness': None, 'rushing': None, 'passing': None, 'standardDowns': None, 'passingDowns': None, 'runRate': None, 'pace': None}","{'ranking': 24, 'rating': 19.5, 'success': None, 'explosiveness': None, 'rushing': None, 'passing': None, 'standardDowns': None, 'passingDowns': None, 'havoc': {'total': None, 'frontSeven': None, 'db': None}}",{'rating': 0.3}
2019,Air Force,Mountain West,12.1,25.0,,,"{'ranking': 17, 'rating': 36.2, 'success': None, 'explosiveness': None, 'rushing': None, 'passing': None, 'standardDowns': None, 'passingDowns': None, 'runRate': None, 'pace': None}","{'ranking': 53, 'rating': 25.8, 'success': None, 'explosiveness': None, 'rushing': None, 'passing': None, 'standardDowns': None, 'passingDowns': None, 'havoc': {'total': None, 'frontSeven': None, 'db': None}}",{'rating': 1.7}
2019,Texas,SEC,12.0,26.0,,,"{'ranking': 10, 'rating': 38.7, 'success': None, 'explosiveness': None, 'rushing': None, 'passing': None, 'standardDowns': None, 'passingDowns': None, 'runRate': None, 'pace': None}","{'ranking': 67, 'rating': 28.5, 'success': None, 'explosiveness': None, 'rushing': None, 'passing': None, 'standardDowns': None, 'passingDowns': None, 'havoc': {'total': None, 'frontSeven': None, 'db': None}}",{'rating': 1.8}
2019,App State,Sun Belt,11.3,27.0,,,"{'ranking': 31, 'rating': 34.3, 'success': None, 'explosiveness': None, 'rushing': None, 'passing': None, 'standardDowns': None, 'passingDowns': None, 'runRate': None, 'pace': None}","{'ranking': 37, 'rating': 23.2, 'success': None, 'explosiveness': None, 'rushing': None, 'passing': None, 'standardDowns': None, 'passingDowns': None, 'havoc': {'total': None, 'frontSeven': None, 'db': None}}",{'rating': 0.2}
2019,Washington State,Pac-12,11.1,28.0,,,"{'ranking': 6, 'rating': 41.7, 'success': None, 'explosiveness': None, 'rushing': None, 'passing': None, 'standardDowns': None, 'passingDowns': None, 'runRate': None, 'pace': None}","{'ranking': 95, 'rating': 33.1, 'success': None, 'explosiveness': None, 'rushing': None, 'passing': None, 'standardDowns': None, 'passingDowns': None, 'havoc': {'total': None, 'frontSeven': None, 'db': None}}",{'rating': 2.4}
2019,Tennessee,SEC,10.8,29.0,,,"{'ranking': 73, 'rating': 27.8, 'success': None, 'explosiveness': None, 'rushing': None, 'passing': None, 'standardDowns': None, 'passingDowns': None, 'runRate': None, 'pace': None}","{'ranking': 19, 'rating': 17.4, 'success': None, 'explosiveness': None, 'rushing': None, 'passing': None, 'standardDowns': None, 'passingDowns': None, 'havoc': {'total': None, 'frontSeven': None, 'db': None}}",{'rating': 0.3}
2019,North Carolina,ACC,10.3,30.0,,,"{'ranking': 25, 'rating': 35.1, 'success': None, 'explosiveness': None, 'rushing': None, 'passing': None, 'standardDowns': None, 'passingDowns': None, 'runRate': None, 'pace': None}","{'ranking': 43, 'rating': 24.6, 'success': None, 'explosiveness': None, 'rushing': None, 'passing': None, 'standardDowns': None, 'passingDowns': None, 'havoc': {'total': None, 'frontSeven': None, 'db': None}}",{'rating': -0.3}
2019,Navy,American Athletic,9.9,31.0,,,"{'ranking': 18, 'rating': 36, 'success': None, 'explosiveness': None, 'rushing': None, 'passing': None, 'standardDowns': None, 'passingDowns': None, 'runRate': None, 'pace': None}","{'ranking': 52, 'rating': 25.5, 'success': None, 'explosiveness': None, 'rushing': None, 'passing': None, 'standardDowns': None, 'passingDowns': None, 'havoc': {'total': None, 'frontSeven': None, 'db': None}}",{'rating': -0.7}
2019,Miami,ACC,9.6,32.0,,,"{'ranking': 80, 'rating': 26, 'success': None, 'explosiveness': None, 'rushing': None, 'passing': None, 'standardDowns': None, 'passingDowns': None, 'runRate': None, 'pace': None}","{'ranking': 9, 'rating': 15.6, 'success': None, 'explosiveness': None, 'rushing': None, 'passing': None, 'standardDowns': None, 'passingDowns': None, 'havoc': {'total': None, 'frontSeven': None, 'db': None}}",{'rating': -0.9}
2019,Louisiana,Sun Belt,9.6,32.0,,,"{'ranking': 15, 'rating': 36.7, 'success': None, 'explosiveness': None, 'rushing': None, 'passing': None, 'standardDowns': None, 'passingDowns': None, 'runRate': None, 'pace': None}","{'ranking': 65, 'rating': 28.3, 'success': None, 'explosiveness': None, 'rushing': None, 'passing': None, 'standardDowns': None, 'passingDowns': None, 'havoc': {'total': None, 'frontSeven': None, 'db': None}}",{'rating': 1.1}
2019,Cincinnati,Big 12,9.1,34.0,,,"{'ranking': 64, 'rating': 29.1, 'success': None, 'explosiveness': None, 'rushing': None, 'passing': None, 'standardDowns': None, 'passingDowns': None, 'runRate': None, 'pace': None}","{'ranking': 31, 'rating': 21.1, 'success': None, 'explosiveness': None, 'rushing': None, 'passing': None, 'standardDowns': None, 'passingDowns': None, 'havoc': {'total': None, 'frontSeven': None, 'db': None}}",{'rating': 1.1}
2019,Kentucky,SEC,9.1,34.0,,,"{'ranking': 49, 'rating': 30.1, 'success': None, 'explosiveness': None, 'rushing': None, 'passing': None, 'standardDowns': None, 'passingDowns': None, 'runRate': None, 'pace': None}","{'ranking': 34, 'rating': 22.2, 'success': None, 'explosiveness': None, 'rushing': None, 'passing': None, 'standardDowns': None, 'passingDowns': None, 'havoc': {'total': None, 'frontSeven': None, 'db': None}}",{'rating': 1.2}
2019,Oklahoma State,Big 12,8.7,36.0,,,"{'ranking': 26, 'rating': 35, 'success': None, 'explosiveness': None, 'rushing': None, 'passing': None, 'standardDowns': None, 'passingDowns': None, 'runRate': None, 'pace': None}","{'ranking': 56, 'rating': 26.2, 'success': None, 'explosiveness': None, 'rushing': None, 'passing': None, 'standardDowns': None, 'passingDowns': None, 'havoc': {'total': None, 'frontSeven': None, 'db': None}}",{'rating': -0.1}
2019,Boise State,Pac-12,8.1,37.0,,,"{'ranking': 38, 'rating': 32.9, 'success': None, 'explosiveness': None, 'rushing': None, 'passing': None, 'standardDowns': None, 'passingDowns': None, 'runRate': None, 'pace': None}","{'ranking': 48, 'rating': 25, 'success': None, 'explosiveness': None, 'rushing': None, 'passing': None, 'standardDowns': None, 'passingDowns': None, 'havoc': {'total': None, 'frontSeven': None, 'db': None}}",{'rating': 0.2}
2019,Virginia Tech,ACC,8.0,38.0,,,"{'ranking': 54, 'rating': 29.9, 'success': None, 'explosiveness': None, 'rushing': None, 'passing': None, 'standardDowns': None, 'passingDowns': None, 'runRate': None, 'pace': None}","{'ranking': 38, 'rating': 23.3, 'success': None, 'explosiveness': None, 'rushing': None, 'passing': None, 'standardDowns': None, 'passingDowns': None, 'havoc': {'total': None, 'frontSeven': None, 'db': None}}",{'rating': 1.4}
2019,Missouri,SEC,7.8,39.0,,,"{'ranking': 89, 'rating': 24.5, 'success': None, 'explosiveness': None, 'rushing': None, 'passing': None, 'standardDowns': None, 'passingDowns': None, 'runRate': None, 'pace': None}","{'ranking': 17, 'rating': 17.1, 'success': None, 'explosiveness': None, 'rushing': None, 'passing': None, 'standardDowns': None, 'passingDowns': None, 'havoc': {'total': None, 'frontSeven': None, 'db': None}}",{'rating': 0.4}
2019,Tulane,American Athletic,7.5,40.0,,,"{'ranking': 36, 'rating': 33.1, 'success': None, 'explosiveness': None, 'rushing': None, 'passing': None, 'standardDowns': None, 'passingDowns': None, 'runRate': None, 'pace': None}","{'ranking': 55, 'rating': 25.9, 'success': None, 'explosiveness': None, 'rushing': None, 'passing': None, 'standardDowns': None, 'passingDowns': None, 'havoc': {'total': None, 'frontSeven': None, 'db': None}}",{'rating': 0.3}
2019,Michigan State,Big Ten,7.2,41.0,,,"{'ranking': 91, 'rating': 24.4, 'success': None, 'explosiveness': None, 'rushing': None, 'passing': None, 'standardDowns': None, 'passingDowns': None, 'runRate': None, 'pace': None}","{'ranking': 13, 'rating': 16.1, 'success': None, 'explosiveness': None, 'rushing': None, 'passing': None, 'standardDowns': None, 'passingDowns': None, 'havoc': {'total': None, 'frontSeven': None, 'db': None}}",{'rating': -1.1}
2019,TCU,Big 12,6.7,42.0,,,"{'ranking': 65, 'rating': 28.8, 'success': None, 'explosiveness': None, 'rushing': None, 'passing': None, 'standardDowns': None, 'passingDowns': None, 'runRate': None, 'pace': None}","{'ranking': 35, 'rating': 22.9, 'success': None, 'explosiveness': None, 'rushing': None, 'passing': None, 'standardDowns': None, 'passingDowns': None, 'havoc': {'total': None, 'frontSeven': None, 'db': None}}",{'rating': 0.8}
2019,Virginia,ACC,6.3,43.0,,,"{'ranking': 47, 'rating': 30.4, 'success': None, 'explosiveness': None, 'rushing': None, 'passing': None, 'standardDowns': None, 'passingDowns': None, 'runRate': None, 'pace': None}","{'ranking': 50, 'rating': 25.2, 'success': None, 'explosiveness': None, 'rushing': None, 'passing': None, 'standardDowns': None, 'passingDowns': None, 'havoc': {'total': None, 'frontSeven': None, 'db': None}}",{'rating': 1.2}
2019,Arizona State,Big 12,6.3,43.0,,,"{'ranking': 72, 'rating': 28, 'success': None, 'explosiveness': None, 'rushing': None, 'passing': None, 'standardDowns': None, 'passingDowns': None, 'runRate': None, 'pace': None}","{'ranking': 40, 'rating': 23.7, 'success': None, 'explosiveness': None, 'rushing': None, 'passing': None, 'standardDowns': None, 'passingDowns': None, 'havoc': {'total': None, 'frontSeven': None, 'db': None}}",{'rating': 2}
2019,Kansas State,Big 12,6.0,45.0,,,"{'ranking': 65, 'rating': 28.8, 'success': None, 'explosiveness': None, 'rushing': None, 'passing': None, 'standardDowns': None, 'passingDowns': None, 'runRate': None, 'pace': None}","{'ranking': 46, 'rating': 24.8, 'success': None, 'explosiveness': None, 'rushing': None, 'passing': None, 'standardDowns': None, 'passingDowns': None, 'havoc': {'total': None, 'frontSeven': None, 'db': None}}",{'rating': 2}
2019,South Carolina,SEC,4.8,46.0,,,"{'ranking': 98, 'rating': 23.4, 'success': None, 'explosiveness': None, 'rushing': None, 'passing': None, 'standardDowns': None, 'passingDowns': None, 'runRate': None, 'pace': None}","{'ranking': 29, 'rating': 20.8, 'success': None, 'explosiveness': None, 'rushing': None, 'passing': None, 'standardDowns': None, 'passingDowns': None, 'havoc': {'total': None, 'frontSeven': None, 'db': None}}",{'rating': 2.2}
2019,SMU,ACC,4.4,47.0,,,"{'ranking': 29, 'rating': 34.6, 'success': None, 'explosiveness': None, 'rushing': None, 'passing': None, 'standardDowns': None, 'passingDowns': None, 'runRate': None, 'pace': None}","{'ranking': 65, 'rating': 28.3, 'success': None, 'explosiveness': None, 'rushing': None, 'passing': None, 'standardDowns': None, 'passingDowns': None, 'havoc': {'total': None, 'frontSeven': None, 'db': None}}",{'rating': -1.9}
2019,Pittsburgh,ACC,4.1,48.0,,,"{'ranking': 109, 'rating': 20.4, 'success': None, 'explosiveness': None, 'rushing': None, 'passing': None, 'standardDowns': None, 'passingDowns': None, 'runRate': None, 'pace': None}","{'ranking': 11, 'rating': 16, 'success': None, 'explosiveness': None, 'rushing': None, 'passing': None, 'standardDowns': None, 'passingDowns': None, 'havoc': {'total': None, 'frontSeven': None, 'db': None}}",{'rating': -0.3}
2019,Ohio,Mid-American,3.7,49.0,,,"{'ranking': 19, 'rating': 35.9, 'success': None, 'explosiveness': None, 'rushing': None, 'passing': None, 'standardDowns': None, 'passingDowns': None, 'runRate': None, 'pace': None}","{'ranking': 97, 'rating': 33.5, 'success': None, 'explosiveness': None, 'rushing': None, 'passing': None, 'standardDowns': None, 'passingDowns': None, 'havoc': {'total': None, 'frontSeven': None, 'db': None}}",{'rating': 1.2}
2019,Mississippi State,SEC,3.5,50.0,,,"{'ranking': 36, 'rating': 33.1, 'success': None, 'explosiveness': None, 'rushing': None, 'passing': None, 'standardDowns': None, 'passingDowns': None, 'runRate': None, 'pace': None}","{'ranking': 69, 'rating': 28.7, 'success': None, 'explosiveness': None, 'rushing': None, 'passing': None, 'standardDowns': None, 'passingDowns': None, 'havoc': {'total': None, 'frontSeven': None, 'db': None}}",{'rating': -0.9}
2019,Temple,American Athletic,3.2,51.0,,,"{'ranking': 87, 'rating': 24.6, 'success': None, 'explosiveness': None, 'rushing': None, 'passing': None, 'standardDowns': None, 'passingDowns': None, 'runRate': None, 'pace': None}","{'ranking': 29, 'rating': 20.8, 'success': None, 'explosiveness': None, 'rushing': None, 'passing': None, 'standardDowns': None, 'passingDowns': None, 'havoc': {'total': None, 'frontSeven': None, 'db': None}}",{'rating': -0.6}
2019,Ole Miss,SEC,2.9,52.0,,,"{'ranking': 67, 'rating': 28.6, 'success': None, 'explosiveness': None, 'rushing': None, 'passing': None, 'standardDowns': None, 'passingDowns': None, 'runRate': None, 'pace': None}","{'ranking': 41, 'rating': 23.8, 'success': None, 'explosiveness': None, 'rushing': None, 'passing': None, 'standardDowns': None, 'passingDowns': None, 'havoc': {'total': None, 'frontSeven': None, 'db': None}}",{'rating': -1.9}
2019,Texas Tech,Big 12,2.7,53.0,,,"{'ranking': 39, 'rating': 32.5, 'success': None, 'explosiveness': None, 'rushing': None, 'passing': None, 'standardDowns': None, 'passingDowns': None, 'runRate': None, 'pace': None}","{'ranking': 83, 'rating': 31.2, 'success': None, 'explosiveness': None, 'rushing': None, 'passing': None, 'standardDowns': None, 'passingDowns': None, 'havoc': {'total': None, 'frontSeven': None, 'db': None}}",{'rating': 1.4}
2019,Nebraska,Big Ten,2.6,54.0,,,"{'ranking': 40, 'rating': 32.2, 'success': None, 'explosiveness': None, 'rushing': None, 'passing': None, 'standardDowns': None, 'passingDowns': None, 'runRate': None, 'pace': None}","{'ranking': 61, 'rating': 27.4, 'success': None, 'explosiveness': None, 'rushing': None, 'passing': None, 'standardDowns': None, 'passingDowns': None, 'havoc': {'total': None, 'frontSeven': None, 'db': None}}",{'rating': -2.2}
2019,Wake Forest,ACC,2.0,55.0,,,"{'ranking': 60, 'rating': 29.4, 'success': None, 'explosiveness': None, 'rushing': None, 'passing': None, 'standardDowns': None, 'passingDowns': None, 'runRate': None, 'pace': None}","{'ranking': 68, 'rating': 28.6, 'success': None, 'explosiveness': None, 'rushing': None, 'passing': None, 'standardDowns': None, 'passingDowns': None, 'havoc': {'total': None, 'frontSeven': None, 'db': None}}",{'rating': 1.1}
2019,San Diego State,Pac-12,2.0,55.0,,,"{'ranking': 122, 'rating': 16.6, 'success': None, 'explosiveness': None, 'rushing': None, 'passing': None, 'standardDowns': None, 'passingDowns': None, 'runRate': None, 'pace': None}","{'ranking': 15, 'rating': 16.6, 'success': None, 'explosiveness': None, 'rushing': None, 'passing': None, 'standardDowns': None, 'passingDowns': None, 'havoc': {'total': None, 'frontSeven': None, 'db': None}}",{'rating': 2}
2019,Florida State,ACC,1.8,57.0,,,"{'ranking': 48, 'rating': 30.2, 'success': None, 'explosiveness': None, 'rushing': None, 'passing': None, 'standardDowns': None, 'passingDowns': None, 'runRate': None, 'pace': None}","{'ranking': 60, 'rating': 27.1, 'success': None, 'explosiveness': None, 'rushing': None, 'passing': None, 'standardDowns': None, 'passingDowns': None, 'havoc': {'total': None, 'frontSeven': None, 'db': None}}",{'rating': -1.3}
2019,Western Kentucky,Conference USA,1.7,58.0,,,"{'ranking': 96, 'rating': 23.6, 'success': None, 'explosiveness': None, 'rushing': None, 'passing': None, 'standardDowns': None, 'passingDowns': None, 'runRate': None, 'pace': None}","{'ranking': 31, 'rating': 21.1, 'success': None, 'explosiveness': None, 'rushing': None, 'passing': None, 'standardDowns': None, 'passingDowns': None, 'havoc': {'total': None, 'frontSeven': None, 'db': None}}",{'rating': -0.7}
2019,BYU,Big 12,1.3,59.0,,,"{'ranking': 67, 'rating': 28.6, 'success': None, 'explosiveness': None, 'rushing': None, 'passing': None, 'standardDowns': None, 'passingDowns': None, 'runRate': None, 'pace': None}","{'ranking': 56, 'rating': 26.2, 'success': None, 'explosiveness': None, 'rushing': None, 'passing': None, 'standardDowns': None, 'passingDowns': None, 'havoc': {'total': None, 'frontSeven': None, 'db': None}}",{'rating': -1.2}
2019,Illinois,Big Ten,0.6,60.0,,,"{'ranking': 91, 'rating': 24.4, 'success': None, 'explosiveness': None, 'rushing': None, 'passing': None, 'standardDowns': None, 'passingDowns': None, 'runRate': None, 'pace': None}","{'ranking': 53, 'rating': 25.8, 'success': None, 'explosiveness': None, 'rushing': None, 'passing': None, 'standardDowns': None, 'passingDowns': None, 'havoc': {'total': None, 'frontSeven': None, 'db': None}}",{'rating': 2}
2019,Louisiana Tech,Sun Belt,0.2,61.0,,,"{'ranking': 84, 'rating': 25.3, 'success': None, 'explosiveness': None, 'rushing': None, 'passing': None, 'standardDowns': None, 'passingDowns': None, 'runRate': None, 'pace': None}","{'ranking': 48, 'rating': 25, 'success': None, 'explosiveness': None, 'rushing': None, 'passing': None, 'standardDowns': None, 'passingDowns': None, 'havoc': {'total': None, 'frontSeven': None, 'db': None}}",{'rating': 0}
2019,Louisville,ACC,0.2,61.0,,,"{'ranking': 29, 'rating': 34.6, 'success': None, 'explosiveness': None, 'rushing': None, 'passing': None, 'standardDowns': None, 'passingDowns': None, 'runRate': None, 'pace': None}","{'ranking': 98, 'rating': 33.6, 'success': None, 'explosiveness': None, 'rushing': None, 'passing': None, 'standardDowns': None, 'passingDowns': None, 'havoc': {'total': None, 'frontSeven': None, 'db': None}}",{'rating': -0.8}
2019,Florida Atlantic,American Athletic,-0.6,63.0,,,"{'ranking': 67, 'rating': 28.6, 'success': None, 'explosiveness': None, 'rushing': None, 'passing': None, 'standardDowns': None, 'passingDowns': None, 'runRate': None, 'pace': None}","{'ranking': 74, 'rating': 29.5, 'success': None, 'explosiveness': None, 'rushing': None, 'passing': None, 'standardDowns': None, 'passingDowns': None, 'havoc': {'total': None, 'frontSeven': None, 'db': None}}",{'rating': 0.2}
2019,Purdue,Big Ten,-0.7,64.0,,,"{'ranking': 45, 'rating': 30.8, 'success': None, 'explosiveness': None, 'rushing': None, 'passing': None, 'standardDowns': None, 'passingDowns': None, 'runRate': None, 'pace': None}","{'ranking': 81, 'rating': 31, 'success': None, 'explosiveness': None, 'rushing': None, 'passing': None, 'standardDowns': None, 'passingDowns': None, 'havoc': {'total': None, 'frontSeven': None, 'db': None}}",{'rating': -0.4}
2019,Oregon State,Pac-12,-0.7,64.0,,,"{'ranking': 35, 'rating': 33.8, 'success': None, 'explosiveness': None, 'rushing': None, 'passing': None, 'standardDowns': None, 'passingDowns': None, 'runRate': None, 'pace': None}","{'ranking': 93, 'rating': 32.8, 'success': None, 'explosiveness': None, 'rushing': None, 'passing': None, 'standardDowns': None, 'passingDowns': None, 'havoc': {'total': None, 'frontSeven': None, 'db': None}}",{'rating': -1.7}
2019,Wyoming,Mountain West,-1.1,66.0,,,"{'ranking': 108, 'rating': 20.5, 'success': None, 'explosiveness': None, 'rushing': None, 'passing': None, 'standardDowns': None, 'passingDowns': None, 'runRate': None, 'pace': None}","{'ranking': 33, 'rating': 21.7, 'success': None, 'explosiveness': None, 'rushing': None, 'passing': None, 'standardDowns': None, 'passingDowns': None, 'havoc': {'total': None, 'frontSeven': None, 'db': None}}",{'rating': 0.1}
2019,UAB,American Athletic,-1.4,67.0,,,"{'ranking': 118, 'rating': 18.3, 'success': None, 'explosiveness': None, 'rushing': None, 'passing': None, 'standardDowns': None, 'passingDowns': None, 'runRate': None, 'pace': None}","{'ranking': 28, 'rating': 20.2, 'success': None, 'explosiveness': None, 'rushing': None, 'passing': None, 'standardDowns': None, 'passingDowns': None, 'havoc': {'total': None, 'frontSeven': None, 'db': None}}",{'rating': 0.5}
2019,Duke,ACC,-1.8,68.0,,,"{'ranking': 112, 'rating': 19.7, 'success': None, 'explosiveness': None, 'rushing': None, 'passing': None, 'standardDowns': None, 'passingDowns': None, 'runRate': None, 'pace': None}","{'ranking': 36, 'rating': 23, 'success': None, 'explosiveness': None, 'rushing': None, 'passing': None, 'standardDowns': None, 'passingDowns': None, 'havoc': {'total': None, 'frontSeven': None, 'db': None}}",{'rating': 1.5}
2019,Hawai'i,Mountain West,-1.9,69.0,,,"{'ranking': 27, 'rating': 34.7, 'success': None, 'explosiveness': None, 'rushing': None, 'passing': None, 'standardDowns': None, 'passingDowns': None, 'runRate': None, 'pace': None}","{'ranking': 113, 'rating': 35.8, 'success': None, 'explosiveness': None, 'rushing': None, 'passing': None, 'standardDowns': None, 'passingDowns': None, 'havoc': {'total': None, 'frontSeven': None, 'db': None}}",{'rating': -0.9}
2019,Marshall,Sun Belt,-1.9,69.0,,,"{'ranking': 94, 'rating': 23.8, 'success': None, 'explosiveness': None, 'rushing': None, 'passing': None, 'standardDowns': None, 'passingDowns': None, 'runRate': None, 'pace': None}","{'ranking': 58, 'rating': 26.6, 'success': None, 'explosiveness': None, 'rushing': None, 'passing': None, 'standardDowns': None, 'passingDowns': None, 'havoc': {'total': None, 'frontSeven': None, 'db': None}}",{'rating': 0.8}
2019,Buffalo,Mid-American,-2.0,71.0,,,"{'ranking': 85, 'rating': 25, 'success': None, 'explosiveness': None, 'rushing': None, 'passing': None, 'standardDowns': None, 'passingDowns': None, 'runRate': None, 'pace': None}","{'ranking': 43, 'rating': 24.6, 'success': None, 'explosiveness': None, 'rushing': None, 'passing': None, 'standardDowns': None, 'passingDowns': None, 'havoc': {'total': None, 'frontSeven': None, 'db': None}}",{'rating': -2.4}
2019,Army,American Athletic,-2.1,72.0,,,"{'ranking': 67, 'rating': 28.6, 'success': None, 'explosiveness': None, 'rushing': None, 'passing': None, 'standardDowns': None, 'passingDowns': None, 'runRate': None, 'pace': None}","{'ranking': 80, 'rating': 30.4, 'success': None, 'explosiveness': None, 'rushing': None, 'passing': None, 'standardDowns': None, 'passingDowns': None, 'havoc': {'total': None, 'frontSeven': None, 'db': None}}",{'rating': -0.4}
2019,Tulsa,American Athletic,-2.5,73.0,,,"{'ranking': 87, 'rating': 24.6, 'success': None, 'explosiveness': None, 'rushing': None, 'passing': None, 'standardDowns': None, 'passingDowns': None, 'runRate': None, 'pace': None}","{'ranking': 50, 'rating': 25.2, 'success': None, 'explosiveness': None, 'rushing': None, 'passing': None, 'standardDowns': None, 'passingDowns': None, 'havoc': {'total': None, 'frontSeven': None, 'db': None}}",{'rating': -2}
2019,California,ACC,-2.6,74.0,,,"{'ranking': 94, 'rating': 23.8, 'success': None, 'explosiveness': None, 'rushing': None, 'passing': None, 'standardDowns': None, 'passingDowns': None, 'runRate': None, 'pace': None}","{'ranking': 45, 'rating': 24.7, 'success': None, 'explosiveness': None, 'rushing': None, 'passing': None, 'standardDowns': None, 'passingDowns': None, 'havoc': {'total': None, 'frontSeven': None, 'db': None}}",{'rating': -1.7}
2019,Liberty,Conference USA,-2.6,74.0,,,"{'ranking': 62, 'rating': 29.3, 'success': None, 'explosiveness': None, 'rushing': None, 'passing': None, 'standardDowns': None, 'passingDowns': None, 'runRate': None, 'pace': None}","{'ranking': 86, 'rating': 32, 'success': None, 'explosiveness': None, 'rushing': None, 'passing': None, 'standardDowns': None, 'passingDowns': None, 'havoc': {'total': None, 'frontSeven': None, 'db': None}}",{'rating': 0.1}
2019,Arkansas State,Sun Belt,-2.9,76.0,,,"{'ranking': 49, 'rating': 30.1, 'success': None, 'explosiveness': None, 'rushing': None, 'passing': None, 'standardDowns': None, 'passingDowns': None, 'runRate': None, 'pace': None}","{'ranking': 102, 'rating': 34.2, 'success': None, 'explosiveness': None, 'rushing': None, 'passing': None, 'standardDowns': None, 'passingDowns': None, 'havoc': {'total': None, 'frontSeven': None, 'db': None}}",{'rating': 1.3}
2019,Syracuse,ACC,-3.0,77.0,,,"{'ranking': 89, 'rating': 24.5, 'success': None, 'explosiveness': None, 'rushing': None, 'passing': None, 'standardDowns': None, 'passingDowns': None, 'runRate': None, 'pace': None}","{'ranking': 75, 'rating': 29.6, 'success': None, 'explosiveness': None, 'rushing': None, 'passing': None, 'standardDowns': None, 'passingDowns': None, 'havoc': {'total': None, 'frontSeven': None, 'db': None}}",{'rating': 2.1}
2019,UCLA,Big Ten,-3.9,78.0,,,"{'ranking': 71, 'rating': 28.4, 'success': None, 'explosiveness': None, 'rushing': None, 'passing': None, 'standardDowns': None, 'passingDowns': None, 'runRate': None, 'pace': None}","{'ranking': 89, 'rating': 32.5, 'success': None, 'explosiveness': None, 'rushing': None, 'passing': None, 'standardDowns': None, 'passingDowns': None, 'havoc': {'total': None, 'frontSeven': None, 'db': None}}",{'rating': 0.2}
2019,Colorado State,Pac-12,-3.9,78.0,,,"{'ranking': 79, 'rating': 26.1, 'success': None, 'explosiveness': None, 'rushing': None, 'passing': None, 'standardDowns': None, 'passingDowns': None, 'runRate': None, 'pace': None}","{'ranking': 78, 'rating': 30.1, 'success': None, 'explosiveness': None, 'rushing': None, 'passing': None, 'standardDowns': None, 'passingDowns': None, 'havoc': {'total': None, 'frontSeven': None, 'db': None}}",{'rating': 0.1}
2019,Fresno State,Pac-12,-4.0,80.0,,,"{'ranking': 46, 'rating': 30.6, 'success': None, 'explosiveness': None, 'rushing': None, 'passing': None, 'standardDowns': None, 'passingDowns': None, 'runRate': None, 'pace': None}","{'ranking': 98, 'rating': 33.6, 'success': None, 'explosiveness': None, 'rushing': None, 'passing': None, 'standardDowns': None, 'passingDowns': None, 'havoc': {'total': None, 'frontSeven': None, 'db': None}}",{'rating': -1.1}
2019,Colorado,Big 12,-4.1,81.0,,,"{'ranking': 49, 'rating': 30.1, 'success': None, 'explosiveness': None, 'rushing': None, 'passing': None, 'standardDowns': None, 'passingDowns': None, 'runRate': None, 'pace': None}","{'ranking': 105, 'rating': 34.7, 'success': None, 'explosiveness': None, 'rushing': None, 'passing': None, 'standardDowns': None, 'passingDowns': None, 'havoc': {'total': None, 'frontSeven': None, 'db': None}}",{'rating': 0.5}
2019,Houston,Big 12,-4.3,82.0,,,"{'ranking': 56, 'rating': 29.6, 'success': None, 'explosiveness': None, 'rushing': None, 'passing': None, 'standardDowns': None, 'passingDowns': None, 'runRate': None, 'pace': None}","{'ranking': 110, 'rating': 35.4, 'success': None, 'explosiveness': None, 'rushing': None, 'passing': None, 'standardDowns': None, 'passingDowns': None, 'havoc': {'total': None, 'frontSeven': None, 'db': None}}",{'rating': 1.5}
2019,Utah State,Pac-12,-4.3,82.0,,,"{'ranking': 77, 'rating': 26.2, 'success': None, 'explosiveness': None, 'rushing': None, 'passing': None, 'standardDowns': None, 'passingDowns': None, 'runRate': None, 'pace': None}","{'ranking': 81, 'rating': 31, 'success': None, 'explosiveness': None, 'rushing': None, 'passing': None, 'standardDowns': None, 'passingDowns': None, 'havoc': {'total': None, 'frontSeven': None, 'db': None}}",{'rating': 0.5}
2019,Troy,Sun Belt,-4.4,84.0,,,"{'ranking': 40, 'rating': 32.2, 'success': None, 'explosiveness': None, 'rushing': None, 'passing': None, 'standardDowns': None, 'passingDowns': None, 'runRate': None, 'pace': None}","{'ranking': 110, 'rating': 35.4, 'success': None, 'explosiveness': None, 'rushing': None, 'passing': None, 'standardDowns': None, 'passingDowns': None, 'havoc': {'total': None, 'frontSeven': None, 'db': None}}",{'rating': -1.3}
2019,Central Michigan,Mid-American,-4.4,84.0,,,"{'ranking': 80, 'rating': 26, 'success': None, 'explosiveness': None, 'rushing': None, 'passing': None, 'standardDowns': None, 'passingDowns': None, 'runRate': None, 'pace': None}","{'ranking': 71, 'rating': 29, 'success': None, 'explosiveness': None, 'rushing': None, 'passing': None, 'standardDowns': None, 'passingDowns': None, 'havoc': {'total': None, 'frontSeven': None, 'db': None}}",{'rating': -1.4}
2019,Ball State,Mid-American,-4.5,86.0,,,"{'ranking': 59, 'rating': 29.5, 'success': None, 'explosiveness': None, 'rushing': None, 'passing': None, 'standardDowns': None, 'passingDowns': None, 'runRate': None, 'pace': None}","{'ranking': 91, 'rating': 32.6, 'success': None, 'explosiveness': None, 'rushing': None, 'passing': None, 'standardDowns': None, 'passingDowns': None, 'havoc': {'total': None, 'frontSeven': None, 'db': None}}",{'rating': -1.4}
2019,Georgia Southern,Sun Belt,-4.5,86.0,,,"{'ranking': 101, 'rating': 22.2, 'success': None, 'explosiveness': None, 'rushing': None, 'passing': None, 'standardDowns': None, 'passingDowns': None, 'runRate': None, 'pace': None}","{'ranking': 61, 'rating': 27.4, 'success': None, 'explosiveness': None, 'rushing': None, 'passing': None, 'standardDowns': None, 'passingDowns': None, 'havoc': {'total': None, 'frontSeven': None, 'db': None}}",{'rating': 0.7}
2019,Stanford,ACC,-4.7,88.0,,,"{'ranking': 74, 'rating': 27.2, 'success': None, 'explosiveness': None, 'rushing': None, 'passing': None, 'standardDowns': None, 'passingDowns': None, 'runRate': None, 'pace': None}","{'ranking': 87, 'rating': 32.2, 'success': None, 'explosiveness': None, 'rushing': None, 'passing': None, 'standardDowns': None, 'passingDowns': None, 'havoc': {'total': None, 'frontSeven': None, 'db': None}}",{'rating': 0.3}
2019,Southern Miss,Sun Belt,-4.8,89.0,,,"{'ranking': 96, 'rating': 23.6, 'success': None, 'explosiveness': None, 'rushing': None, 'passing': None, 'standardDowns': None, 'passingDowns': None, 'runRate': None, 'pace': None}","{'ranking': 64, 'rating': 27.7, 'success': None, 'explosiveness': None, 'rushing': None, 'passing': None, 'standardDowns': None, 'passingDowns': None, 'havoc': {'total': None, 'frontSeven': None, 'db': None}}",{'rating': -0.7}
2019,Western Michigan,Mid-American,-4.9,90.0,,,"{'ranking': 56, 'rating': 29.6, 'success': None, 'explosiveness': None, 'rushing': None, 'passing': None, 'standardDowns': None, 'passingDowns': None, 'runRate': None, 'pace': None}","{'ranking': 89, 'rating': 32.5, 'success': None, 'explosiveness': None, 'rushing': None, 'passing': None, 'standardDowns': None, 'passingDowns': None, 'havoc': {'total': None, 'frontSeven': None, 'db': None}}",{'rating': -2}
2019,Northwestern,Big Ten,-5.5,91.0,,,"{'ranking': 123, 'rating': 16.5, 'success': None, 'explosiveness': None, 'rushing': None, 'passing': None, 'standardDowns': None, 'passingDowns': None, 'runRate': None, 'pace': None}","{'ranking': 27, 'rating': 20, 'success': None, 'explosiveness': None, 'rushing': None, 'passing': None, 'standardDowns': None, 'passingDowns': None, 'havoc': {'total': None, 'frontSeven': None, 'db': None}}",{'rating': -2}
2019,Boston College,ACC,-5.7,92.0,,,"{'ranking': 44, 'rating': 31.3, 'success': None, 'explosiveness': None, 'rushing': None, 'passing': None, 'standardDowns': None, 'passingDowns': None, 'runRate': None, 'pace': None}","{'ranking': 110, 'rating': 35.4, 'success': None, 'explosiveness': None, 'rushing': None, 'passing': None, 'standardDowns': None, 'passingDowns': None, 'havoc': {'total': None, 'frontSeven': None, 'db': None}}",{'rating': -1.6}
2019,North Texas,American Athletic,-6.1,93.0,,,"{'ranking': 85, 'rating': 25, 'success': None, 'explosiveness': None, 'rushing': None, 'passing': None, 'standardDowns': None, 'passingDowns': None, 'runRate': None, 'pace': None}","{'ranking': 91, 'rating': 32.6, 'success': None, 'explosiveness': None, 'rushing': None, 'passing': None, 'standardDowns': None, 'passingDowns': None, 'havoc': {'total': None, 'frontSeven': None, 'db': None}}",{'rating': 1.4}
2019,NC State,ACC,-6.3,94.0,,,"{'ranking': 102, 'rating': 22, 'success': None, 'explosiveness': None, 'rushing': None, 'passing': None, 'standardDowns': None, 'passingDowns': None, 'runRate': None, 'pace': None}","{'ranking': 76, 'rating': 29.7, 'success': None, 'explosiveness': None, 'rushing': None, 'passing': None, 'standardDowns': None, 'passingDowns': None, 'havoc': {'total': None, 'frontSeven': None, 'db': None}}",{'rating': 1.4}
2019,Charlotte,American Athletic,-6.3,94.0,,,"{'ranking': 54, 'rating': 29.9, 'success': None, 'explosiveness': None, 'rushing': None, 'passing': None, 'standardDowns': None, 'passingDowns': None, 'runRate': None, 'pace': None}","{'ranking': 107, 'rating': 35.1, 'success': None, 'explosiveness': None, 'rushing': None, 'passing': None, 'standardDowns': None, 'passingDowns': None, 'havoc': {'total': None, 'frontSeven': None, 'db': None}}",{'rating': -1.1}
2019,Maryland,Big Ten,-6.3,94.0,,,"{'ranking': 76, 'rating': 26.3, 'success': None, 'explosiveness': None, 'rushing': None, 'passing': None, 'standardDowns': None, 'passingDowns': None, 'runRate': None, 'pace': None}","{'ranking': 79, 'rating': 30.3, 'success': None, 'explosiveness': None, 'rushing': None, 'passing': None, 'standardDowns': None, 'passingDowns': None, 'havoc': {'total': None, 'frontSeven': None, 'db': None}}",{'rating': -2.4}
2019,West Virginia,Big 12,-7.0,97.0,,,"{'ranking': 100, 'rating': 22.9, 'success': None, 'explosiveness': None, 'rushing': None, 'passing': None, 'standardDowns': None, 'passingDowns': None, 'runRate': None, 'pace': None}","{'ranking': 72, 'rating': 29.1, 'success': None, 'explosiveness': None, 'rushing': None, 'passing': None, 'standardDowns': None, 'passingDowns': None, 'havoc': {'total': None, 'frontSeven': None, 'db': None}}",{'rating': -0.8}
2019,Florida International,Conference USA,-7.0,97.0,,,"{'ranking': 102, 'rating': 22, 'success': None, 'explosiveness': None, 'rushing': None, 'passing': None, 'standardDowns': None, 'passingDowns': None, 'runRate': None, 'pace': None}","{'ranking': 73, 'rating': 29.4, 'success': None, 'explosiveness': None, 'rushing': None, 'passing': None, 'standardDowns': None, 'passingDowns': None, 'havoc': {'total': None, 'frontSeven': None, 'db': None}}",{'rating': 0.4}
2019,San José State,Mountain West,-7.2,99.0,,,"{'ranking': 56, 'rating': 29.6, 'success': None, 'explosiveness': None, 'rushing': None, 'passing': None, 'standardDowns': None, 'passingDowns': None, 'runRate': None, 'pace': None}","{'ranking': 116, 'rating': 36.7, 'success': None, 'explosiveness': None, 'rushing': None, 'passing': None, 'standardDowns': None, 'passingDowns': None, 'havoc': {'total': None, 'frontSeven': None, 'db': None}}",{'rating': -0.1}
2019,Arizona,Big 12,-8.0,100.0,,,"{'ranking': 49, 'rating': 30.1, 'success': None, 'explosiveness': None, 'rushing': None, 'passing': None, 'standardDowns': None, 'passingDowns': None, 'runRate': None, 'pace': None}","{'ranking': 114, 'rating': 36.1, 'success': None, 'explosiveness': None, 'rushing': None, 'passing': None, 'standardDowns': None, 'passingDowns': None, 'havoc': {'total': None, 'frontSeven': None, 'db': None}}",{'rating': -2.1}
2019,Eastern Michigan,Mid-American,-8.6,101.0,,,"{'ranking': 62, 'rating': 29.3, 'success': None, 'explosiveness': None, 'rushing': None, 'passing': None, 'standardDowns': None, 'passingDowns': None, 'runRate': None, 'pace': None}","{'ranking': 118, 'rating': 37.8, 'success': None, 'explosiveness': None, 'rushing': None, 'passing': None, 'standardDowns': None, 'passingDowns': None, 'havoc': {'total': None, 'frontSeven': None, 'db': None}}",{'rating': -0.1}
2019,Miami (OH),Mid-American,-9.2,102.0,,,"{'ranking': 111, 'rating': 19.8, 'success': None, 'explosiveness': None, 'rushing': None, 'passing': None, 'standardDowns': None, 'passingDowns': None, 'runRate': None, 'pace': None}","{'ranking': 77, 'rating': 30, 'success': None, 'explosiveness': None, 'rushing': None, 'passing': None, 'standardDowns': None, 'passingDowns': None, 'havoc': {'total': None, 'frontSeven': None, 'db': None}}",{'rating': 0.9}
2019,South Florida,American Athletic,-9.8,103.0,,,"{'ranking': 109, 'rating': 20.4, 'success': None, 'explosiveness': None, 'rushing': None, 'passing': None, 'standardDowns': None, 'passingDowns': None, 'runRate': None, 'pace': None}","{'ranking': 61, 'rating': 27.4, 'success': None, 'explosiveness': None, 'rushing': None, 'passing': None, 'standardDowns': None, 'passingDowns': None, 'havoc': {'total': None, 'frontSeven': None, 'db': None}}",{'rating': -2.7}
2019,Kansas,Big 12,-9.8,103.0,,,"{'ranking': 77, 'rating': 26.2, 'success': None, 'explosiveness': None, 'rushing': None, 'passing': None, 'standardDowns': None, 'passingDowns': None, 'runRate': None, 'pace': None}","{'ranking': 106, 'rating': 34.8, 'success': None, 'explosiveness': None, 'rushing': None, 'passing': None, 'standardDowns': None, 'passingDowns': None, 'havoc': {'total': None, 'frontSeven': None, 'db': None}}",{'rating': -1.2}
2019,Kent State,Mid-American,-10.2,105.0,,,"{'ranking': 82, 'rating': 25.9, 'success': None, 'explosiveness': None, 'rushing': None, 'passing': None, 'standardDowns': None, 'passingDowns': None, 'runRate': None, 'pace': None}","{'ranking': 119, 'rating': 37.9, 'success': None, 'explosiveness': None, 'rushing': None, 'passing': None, 'standardDowns': None, 'passingDowns': None, 'havoc': {'total': None, 'frontSeven': None, 'db': None}}",{'rating': 1.8}
2019,Vanderbilt,SEC,-10.4,106.0,,,"{'ranking': 104, 'rating': 21.8, 'success': None, 'explosiveness': None, 'rushing': None, 'passing': None, 'standardDowns': None, 'passingDowns': None, 'runRate': None, 'pace': None}","{'ranking': 98, 'rating': 33.6, 'success': None, 'explosiveness': None, 'rushing': None, 'passing': None, 'standardDowns': None, 'passingDowns': None, 'havoc': {'total': None, 'frontSeven': None, 'db': None}}",{'rating': 1.4}
2019,Georgia State,Sun Belt,-10.5,107.0,,,"{'ranking': 60, 'rating': 29.4, 'success': None, 'explosiveness': None, 'rushing': None, 'passing': None, 'standardDowns': None, 'passingDowns': None, 'runRate': None, 'pace': None}","{'ranking': 121, 'rating': 38.4, 'success': None, 'explosiveness': None, 'rushing': None, 'passing': None, 'standardDowns': None, 'passingDowns': None, 'havoc': {'total': None, 'frontSeven': None, 'db': None}}",{'rating': -1.4}
2019,Arkansas,SEC,-10.6,108.0,,,"{'ranking': 105, 'rating': 21.7, 'success': None, 'explosiveness': None, 'rushing': None, 'passing': None, 'standardDowns': None, 'passingDowns': None, 'runRate': None, 'pace': None}","{'ranking': 88, 'rating': 32.3, 'success': None, 'explosiveness': None, 'rushing': None, 'passing': None, 'standardDowns': None, 'passingDowns': None, 'havoc': {'total': None, 'frontSeven': None, 'db': None}}",{'rating': 0}
2019,UL Monroe,Sun Belt,-10.7,109.0,,,"{'ranking': 43, 'rating': 31.5, 'success': None, 'explosiveness': None, 'rushing': None, 'passing': None, 'standardDowns': None, 'passingDowns': None, 'runRate': None, 'pace': None}","{'ranking': 127, 'rating': 40.8, 'success': None, 'explosiveness': None, 'rushing': None, 'passing': None, 'standardDowns': None, 'passingDowns': None, 'havoc': {'total': None, 'frontSeven': None, 'db': None}}",{'rating': -1.4}
2019,Middle Tennessee,Conference USA,-11.3,110.0,,,"{'ranking': 74, 'rating': 27.2, 'success': None, 'explosiveness': None, 'rushing': None, 'passing': None, 'standardDowns': None, 'passingDowns': None, 'runRate': None, 'pace': None}","{'ranking': 117, 'rating': 37.4, 'success': None, 'explosiveness': None, 'rushing': None, 'passing': None, 'standardDowns': None, 'passingDowns': None, 'havoc': {'total': None, 'frontSeven': None, 'db': None}}",{'rating': -1.1}
2019,Georgia Tech,ACC,-12.0,111.0,,,"{'ranking': 117, 'rating': 18.8, 'success': None, 'explosiveness': None, 'rushing': None, 'passing': None, 'standardDowns': None, 'passingDowns': None, 'runRate': None, 'pace': None}","{'ranking': 70, 'rating': 28.9, 'success': None, 'explosiveness': None, 'rushing': None, 'passing': None, 'standardDowns': None, 'passingDowns': None, 'havoc': {'total': None, 'frontSeven': None, 'db': None}}",{'rating': -1.9}
2019,Nevada,Mountain West,-12.3,112.0,,,"{'ranking': 113, 'rating': 19.4, 'success': None, 'explosiveness': None, 'rushing': None, 'passing': None, 'standardDowns': None, 'passingDowns': None, 'runRate': None, 'pace': None}","{'ranking': 85, 'rating': 31.9, 'success': None, 'explosiveness': None, 'rushing': None, 'passing': None, 'standardDowns': None, 'passingDowns': None, 'havoc': {'total': None, 'frontSeven': None, 'db': None}}",{'rating': 0.3}
2019,Coastal Carolina,Sun Belt,-12.8,113.0,,,"{'ranking': 98, 'rating': 23.4, 'success': None, 'explosiveness': None, 'rushing': None, 'passing': None, 'standardDowns': None, 'passingDowns': None, 'runRate': None, 'pace': None}","{'ranking': 108, 'rating': 35.3, 'success': None, 'explosiveness': None, 'rushing': None, 'passing': None, 'standardDowns': None, 'passingDowns': None, 'havoc': {'total': None, 'frontSeven': None, 'db': None}}",{'rating': -0.9}
2019,Toledo,Mid-American,-13.7,114.0,,,"{'ranking': 83, 'rating': 25.6, 'success': None, 'explosiveness': None, 'rushing': None, 'passing': None, 'standardDowns': None, 'passingDowns': None, 'runRate': None, 'pace': None}","{'ranking': 121, 'rating': 38.4, 'success': None, 'explosiveness': None, 'rushing': None, 'passing': None, 'standardDowns': None, 'passingDowns': None, 'havoc': {'total': None, 'frontSeven': None, 'db': None}}",{'rating': -0.8}
2019,Northern Illinois,Mountain West,-13.9,115.0,,,"{'ranking': 106, 'rating': 20.7, 'success': None, 'explosiveness': None, 'rushing': None, 'passing': None, 'standardDowns': None, 'passingDowns': None, 'runRate': None, 'pace': None}","{'ranking': 102, 'rating': 34.2, 'success': None, 'explosiveness': None, 'rushing': None, 'passing': None, 'standardDowns': None, 'passingDowns': None, 'havoc': {'total': None, 'frontSeven': None, 'db': None}}",{'rating': -0.4}
2019,East Carolina,American Athletic,-14.0,116.0,,,"{'ranking': 93, 'rating': 24, 'success': None, 'explosiveness': None, 'rushing': None, 'passing': None, 'standardDowns': None, 'passingDowns': None, 'runRate': None, 'pace': None}","{'ranking': 120, 'rating': 38.1, 'success': None, 'explosiveness': None, 'rushing': None, 'passing': None, 'standardDowns': None, 'passingDowns': None, 'havoc': {'total': None, 'frontSeven': None, 'db': None}}",{'rating': 0.2}
2019,Rutgers,Big Ten,-14.6,117.0,,,"{'ranking': 121, 'rating': 17.4, 'success': None, 'explosiveness': None, 'rushing': None, 'passing': None, 'standardDowns': None, 'passingDowns': None, 'runRate': None, 'pace': None}","{'ranking': 84, 'rating': 31.8, 'success': None, 'explosiveness': None, 'rushing': None, 'passing': None, 'standardDowns': None, 'passingDowns': None, 'havoc': {'total': None, 'frontSeven': None, 'db': None}}",{'rating': -0.3}
2019,Texas State,Pac-12,-16.2,118.0,,,"{'ranking': 120, 'rating': 17.6, 'success': None, 'explosiveness': None, 'rushing': None, 'passing': None, 'standardDowns': None, 'passingDowns': None, 'runRate': None, 'pace': None}","{'ranking': 94, 'rating': 33, 'success': None, 'explosiveness': None, 'rushing': None, 'passing': None, 'standardDowns': None, 'passingDowns': None, 'havoc': {'total': None, 'frontSeven': None, 'db': None}}",{'rating': -0.9}
2019,New Mexico,Mountain West,-17.0,119.0,,,"{'ranking': 107, 'rating': 20.6, 'success': None, 'explosiveness': None, 'rushing': None, 'passing': None, 'standardDowns': None, 'passingDowns': None, 'runRate': None, 'pace': None}","{'ranking': 123, 'rating': 39.2, 'success': None, 'explosiveness': None, 'rushing': None, 'passing': None, 'standardDowns': None, 'passingDowns': None, 'havoc': {'total': None, 'frontSeven': None, 'db': None}}",{'rating': 1.6}
2019,UNLV,Mountain West,-17.4,120.0,,,"{'ranking': 114, 'rating': 19.3, 'success': None, 'explosiveness': None, 'rushing': None, 'passing': None, 'standardDowns': None, 'passingDowns': None, 'runRate': None, 'pace': None}","{'ranking': 114, 'rating': 36.1, 'success': None, 'explosiveness': None, 'rushing': None, 'passing': None, 'standardDowns': None, 'passingDowns': None, 'havoc': {'total': None, 'frontSeven': None, 'db': None}}",{'rating': -0.6}
2019,Rice,American Athletic,-18.0,121.0,,,"{'ranking': 127, 'rating': 15.1, 'success': None, 'explosiveness': None, 'rushing': None, 'passing': None, 'standardDowns': None, 'passingDowns': None, 'runRate': None, 'pace': None}","{'ranking': 96, 'rating': 33.2, 'success': None, 'explosiveness': None, 'rushing': None, 'passing': None, 'standardDowns': None, 'passingDowns': None, 'havoc': {'total': None, 'frontSeven': None, 'db': None}}",{'rating': 0.1}
2019,South Alabama,Sun Belt,-20.3,122.0,,,"{'ranking': 124, 'rating': 16.3, 'success': None, 'explosiveness': None, 'rushing': None, 'passing': None, 'standardDowns': None, 'passingDowns': None, 'runRate': None, 'pace': None}","{'ranking': 101, 'rating': 34, 'success': None, 'explosiveness': None, 'rushing': None, 'passing': None, 'standardDowns': None, 'passingDowns': None, 'havoc': {'total': None, 'frontSeven': None, 'db': None}}",{'rating': -2.6}
2019,New Mexico State,Conference USA,-22.0,123.0,,,"{'ranking': 115, 'rating': 19, 'success': None, 'explosiveness': None, 'rushing': None, 'passing': None, 'standardDowns': None, 'passingDowns': None, 'runRate': None, 'pace': None}","{'ranking': 126, 'rating': 40.3, 'success': None, 'explosiveness': None, 'rushing': None, 'passing': None, 'standardDowns': None, 'passingDowns': None, 'havoc': {'total': None, 'frontSeven': None, 'db': None}}",{'rating': -0.6}
2019,UTSA,American Athletic,-23.7,124.0,,,"{'ranking': 116, 'rating': 18.9, 'success': None, 'explosiveness': None, 'rushing': None, 'passing': None, 'standardDowns': None, 'passingDowns': None, 'runRate': None, 'pace': None}","{'ranking': 128, 'rating': 41.7, 'success': None, 'explosiveness': None, 'rushing': None, 'passing': None, 'standardDowns': None, 'passingDowns': None, 'havoc': {'total': None, 'frontSeven': None, 'db': None}}",{'rating': -0.9}
2019,UConn,FBS Independents,-24.4,125.0,,,"{'ranking': 125, 'rating': 16.2, 'success': None, 'explosiveness': None, 'rushing': None, 'passing': None, 'standardDowns': None, 'passingDowns': None, 'runRate': None, 'pace': None}","{'ranking': 125, 'rating': 39.7, 'success': None, 'explosiveness': None, 'rushing': None, 'passing': None, 'standardDowns': None, 'passingDowns': None, 'havoc': {'total': None, 'frontSeven': None, 'db': None}}",{'rating': -1}
2019,Old Dominion,Sun Belt,-24.4,125.0,,,"{'ranking': 129, 'rating': 10.6, 'success': None, 'explosiveness': None, 'rushing': None, 'passing': None, 'standardDowns': None, 'passingDowns': None, 'runRate': None, 'pace': None}","{'ranking': 104, 'rating': 34.3, 'success': None, 'explosiveness': None, 'rushing': None, 'passing': None, 'standardDowns': None, 'passingDowns': None, 'havoc': {'total': None, 'frontSeven': None, 'db': None}}",{'rating': -0.7}
2019,UTEP,Mountain West,-25.6,127.0,,,"{'ranking': 119, 'rating': 18, 'success': None, 'explosiveness': None, 'rushing': None, 'passing': None, 'standardDowns': None, 'passingDowns': None, 'runRate': None, 'pace': None}","{'ranking': 129, 'rating': 43.5, 'success': None, 'explosiveness': None, 'rushing': None, 'passing': None, 'standardDowns': None, 'passingDowns': None, 'havoc': {'total': None, 'frontSeven': None, 'db': None}}",{'rating': -0.1}
2019,Bowling Green,Mid-American,-27.5,128.0,,,"{'ranking': 128, 'rating': 14.9, 'success': None, 'explosiveness': None, 'rushing': None, 'passing': None, 'standardDowns': None, 'passingDowns': None, 'runRate': None, 'pace': None}","{'ranking': 124, 'rating': 39.5, 'success': None, 'explosiveness': None, 'rushing': None, 'passing': None, 'standardDowns': None, 'passingDowns': None, 'havoc': {'total': None, 'frontSeven': None, 'db': None}}",{'rating': -2.9}
2019,Akron,Mid-American,-29.8,129.0,,,"{'ranking': 130, 'rating': 7.7, 'success': None, 'explosiveness': None, 'rushing': None, 'passing': None, 'standardDowns': None, 'passingDowns': None, 'runRate': None, 'pace': None}","{'ranking': 108, 'rating': 35.3, 'success': None, 'explosiveness': None, 'rushing': None, 'passing': None, 'standardDowns': None, 'passingDowns': None, 'havoc': {'total': None, 'frontSeven': None, 'db': None}}",{'rating': -2.2}
2019,Massachusetts,Mid-American,-34.6,130.0,,,"{'ranking': 126, 'rating': 15.3, 'success': None, 'explosiveness': None, 'rushing': None, 'passing': None, 'standardDowns': None, 'passingDowns': None, 'runRate': None, 'pace': None}","{'ranking': 130, 'rating': 49.3, 'success': None, 'explosiveness': None, 'rushing': None, 'passing': None, 'standardDowns': None, 'passingDowns': None, 'havoc': {'total': None, 'frontSeven': None, 'db': None}}",{'rating': -0.5}
2019,nationalAverages,,0.7595419847328244,,,,"{'ranking': None, 'rating': 28.348091603053437, 'success': None, 'explosiveness': None, 'rushing': None, 'passing': None, 'standardDowns': None, 'passingDowns': None, 'runRate': None, 'pace': None}","{'ranking': None, 'rating': 27.599236641221374, 'success': None, 'explosiveness': None, 'rushing': None, 'passing': None, 'standardDowns': None, 'passingDowns': None, 'havoc': {'total': None, 'frontSeven': None, 'db': None}}",{'rating': 0.0053435114503816794}
